	Das Gilgamesh-epos	Beck
Adams, Douglas	Dirk Gently's Holistic Detective Agency	Pocket Books
Adams, Douglas	Life, the Universe and Everything	Ballentine
Adams, Douglas	The Hitchhiker’s Guide to the Galaxy	Ballantine
Adams, Douglas	The Long Dark Tea Time of the Soul	Pocket books
Adorno, Theodor	Minima Moralia	Suhrkamp
Adorno, Theodor	Philosophie der neuen Musik	Suhrkamp
Aischylos	Der gefesselte Prometheus und die Schutzsuchenden	reclam
Aischylos	Die Orestie	reclam
Aischylos	Die Perser und Sieben gegen Theben	reclam
Alain-Fournier, Henri	Der große Meaulnes	Büchergilde
Albee, Edward	Who's afraid of Virginia Woolf	Signet
Andersch, Alfred	Der Vater eines Mörders	Büchergilde
Andersch, Alfred	Die Kirschen der Freiheit	Diogenes
Andersch, Alfred	Sansibar	Diogenes
Aristophanes	Das Frauenfest	reclam
Aristoteles	Metaphysik	reclam
Aristotleles	Nikomachische Ethik	rororo
Assländer, Michael	Adam Smith zur Einführung	Junius
Aurel, Marc	Selbstbetrachtungen	Insel
Badiou, Alain	Lob der Liebe Passagene	Verlag
Badiou, Alain	The Communist Hypothesis	Verso
Badiou, Alain	The True Life	Polity Press
Badiou, Alain	Wider den Globalen Kapitalismus	Ullstein
Ball, Hugo	Hermann Hesse	Tredition Classics
Bambarem, Sergio	Der Traum des Leuchtturmwärters	Piper
Baudelaire, Charles	Die Blumen des Bösen	Diogenes
Beckett, Samuel	The End	Penguin
Beckett, Samuel	Waiting for Godot	Grove Press
Bernhard, Thomas	Amras	Suhrkamp
Bernhard, Thomas	Auslöschung	Suhrkamp
Bernhard, Thomas	Wittgensteins Neffe	Suhrkamp
Bichsel, Peter	Eigentlich möchte Frau Blum den Milchmann kennenlernen	Suhrkamp
Boethius	Trost der Philosophie	Reclam
Bowie, Andrew	German Philosophy	Polity Press
Brecht, Berthold	Die Maßnahme	Suhrkamp
Brecht, Berthold	Mutter Courage	Suhrkamp
Brecht, Bertold	Das Leben des Galilei	Suhrkamp
Brecht, Bertold	Der gute Mensch von Sezuan	Suhrkamp
Brecht, Bertold	Der kaukasische Kreidekreis	Suhrkamp
Brecht, Bertold	Die Dreigroschenoper	Suhrkamp
Brecht, Bertold	Liebesgedichte	Insel
Brecht, Bertold	Musik	Suhrkamp
Bronte, Charlotte	Jane Eyre	Insel
Bronte, Emily	Sturmhöhe	Diogenes
Brueckner, Christine	Wenn du Geredet Haettest, Desdemona	Hoffmann und Campe
Bucay, Jorge	Komm, ich erzähl dir eine Geschichte	Fischer
Buechner, Georg	Woyzeck	reclam
Bukowski, Charles	Das Leben und Sterben im Uncle Sam Hotel	Fischer
Bukowski, Charles	Das Liebesleben der Hyäne	dtv
Bukowski, Charles	Der Mann mit der Ledertasche	Kiwi
Bulfinch, Thomas	Mythology	Barnes and Noble
Burton, Richard	Tausendundeine Nacht	Büchergilde
Bächli, Andreas	Grundbegriffe der antiken Philosophie	reclam
Böll, Heinrich	Ansichten eines Clowns	Freizeitbibliothek
Böll, Heinrich	Billard um halb Zehn	dtv
Böll, Heinrich	Die verlorene Ehre der Katharine Blum	dtv
Böll, Heinrich	Doktor Murkes Gesammeltes Schweigen	Kiepenheuer & Witsch
Büchner, Georg	Dantons Tod	Anaconda
Camus, Albert	Der Fall	rororo
Camus, Albert	Der Fremde	rororo
Camus, Albert	Der Mensch in der Revolte	rororo
Camus, Albert	Der Mythos des Sisyphos	rororo
Camus, Albert	Der glückliche Tod	rororo
Camus, Albert	Die Pest	rororo
Camus, Albert	Fragen der Zeit	rororo
Camus, Albert	Sämtliche Dramen	rororo
Camus, Albert	Verteidigung der Freiheit	rororo
Capote, Truman	Frühstück bei Tiffany	Goldmann
Capote, Truman	In Cold Blood	Penguin
Capote, Truman	Sommerdiebe	Goldmann
Carnap, Rudolf	Der logische Aufbau der Welt	Meiner
Cave, Nick	The Death of Bunny Monroe	Canongate
Cazotte, Jacques	Der Verliebte Teufel	Büchergilde
Celikates, Robin und Gosepath, Stefa	 Politische Philosophie	reclam
Cervantes	Don Quixote von la Mancha	Diogenes
Chatwin, Bruce	Traumpfade	Carl Hanser
Chatwin, Bruce	Traumpfade	Fischer
Checkov, Anton 	Die Möwe	Diogenes
Chomsky, Noam	Der gescheiterte Staat	Büchergilde
Chomsky, Noam	On Anarchy	Penguin
Chomsky, Noam	Profit over People, War against People	Piper
Christie, Agatha	After the Funeral	Berkeley
Christie, Agatha	Death on the Nile	Berkeley
Christie, Agatha	Der Täter lässt bitten	Loewe
Christie, Agatha	Villa Nachtigall	Diogenes
Collins, Wilkie	Der Monddiamant	Büchergilde
Dalai Lama	Der Wille zum Frieden	Fischer
Dante	Die göttliche Komödie	Fisher
Dante	Die göttliche Komödie	Nikol
Dawkins, Richard	The God Delusion	Black Swan
Delangey, Shelagh	A Taste of Honey	Cover
Descartes, Rene	Discours de la Methode	Meiner
Dickens, Charles	David Copperfield	Das literarische Vermächtnis
Dickens, Charles	Great Expectations	Penguin
Diverse	Philosophische Meistersteucke	reclam
Doeblin, Alexander	Berlin Alexanderplatz	dtv
Doeblin, Alfred	Wadzeks Kampf mit der Dampfmaschine	Fischer
Dos Passos, John	Manhattan Transfer	Penguin
Dosojewski, Fjodor	Der Idiot	Möllmann
Dostojewski, Fjodor	Böse Geister	Fischer
Dostojewski, Fjodor	Der Spieler	Fischer
Dostojewski, Fjodor	Die Sanfte	reclam
Doyle, Arthur Conan	Das Zeichen der Vier	Insel
Doyle, Arthur Conan	Holmes, Sherlock: Complete Stories	Bantam
Dumas, Alexandre	Der Graf von Monte Christo	Arena
Dumas, Alexandre	Die Kameliendame	Kaiser
Dunthorne, Joe	Ich, Oliver Tate	rororo
Dürrenmatt, Friedrich	Der Richter und sein Henker	rororo
Dürrenmatt, Friedrich	Die Physiker	Diogenes
Dürrenmatt, Friedrich	Die Stücke	Diogenes
Dürrenmatt, Friedrich	Dureinanderthal	Diogenes
Eco, Umberto	Baudolino	RM
Eco, Umberto	Das Foucaultsche Pendel	dtv
Eco, Umberto	Der Name der Rose	dtv
Eichener, Volker and Baumgart, Ralf	Norbert Elias zur Einführung	Junius
Elias, Norbert	Die Gesellschaft der Individuen	Suhrkamp
Emerson, Ralf Waldo	Selected Essays	Bentam
Emerson, Ralph Waldo	Essays and Lectures	Library of America
Emerson, Ralph Waldo	Nature	Amazon
Emerson, Ralph Waldo	Self Reliance	Amazon
Erös, Reinhard	Tee mit dem Teufel	Hoffmann und Campe
Eschenbach, Andreas	Eine Billion Dollar	Bastei-Luebbe
Euripides	Die Bakchen	reclam
Euripides	Hekabe	Reclam
Euripides	Iphigenie bei den Taurern	reclam
Euripides	Medea	reclam
Exupery, Antoine	Der Kleine Prinz	Galimart
Faulkner, William	Die Unbesiegten	Diogenes
Faulkner, William	The Sound and the Fury	Everyman’s Library
Fellmann, Ferdinand	Die Angst des Ethiklehrers vor der Klasse	reclam
Fetscher, Iring	Marx	Suhrkamp
Fetscher, Iring	Rousseaus politische Philosopohie	Suhrkmap
Feyerabend, Paul	Erkenntnis für freie Menschen	Suhrkamp
Feyerabend, Paul	Wissenschaft als Kunst	Suhrkamp
Fielding, Henry	The History of Tom Jones	Penguin
Fitzgerald, Francis Scott	Der Seltsame Fall des Benjamin Button	Diogenes
Fitzgerald, Francis Scott	Der große Gatsby	Büchergilde
Fitzgerald, Francis Scott	The Great Gatsby	reclam
Flaubert, Gustave	Salammbo	Inselverlag
Flynn, Thomas	Existentialism	Oxford
Fontane, Theodor	Effi Briest	Klett
Foucault, Michael	Der Wille zum Wissen	Suhrkamp
Foucault, Michel	Wahnsinn und Gesellschaftee	Suhrkamp
Francis Bacon	New Organon	Meiner
Frank,Anne	Tagebuch 	Fischer
Frankfurt, Harry G.	On Bullshit	Princeton University Press
Frankfurt, Harry G.	On Inequality	Princeton University Press
Frankfurt, Harry G.	On Truth	Knopf
Frankl, Viktor	Man's search for meaning	Beacon
Freely, John	Aristoteles in Oxford	Büchergilde
Freely, John	Platon in Bagdag	Büchergilde
Friedriksson, Marianne	Simon	Fischer
Frisch, Max	Andorra	Suhrkamp
Frisch, Max	Homo Faber	Suhrkamp
Frisch, Max	Mein Name sei Gantenbein	Suhrkamp
Frisch, Max	Stiller	Suhrkamp
Gaarder, Jostein	Sofies Welt	dtv
Gaardner, Jostein	Hallo, ist da jemand?	Hanser
Gadamer, Hans-Georg	Der Anfang des Wissens	reclam
Gerlach, Stefan	Immanuel  Kant	UTB
Gladwell, Malcolm	What the Dog Saw	Backbay books
Goethe, Johann Wolfgang	Die Leiden des jungen Werthers	dtv
Goethe, Johann Wolfgang	Faust I	Fischer
Goethe, Johann Wolfgang	Faust II	Fischer
Golding, William	Lord of the Flies	reclam
Goleman, Daniel	Emotionale Intelligenz	dtv
Grassi, Ernesto	Der Utopische Staat	rororo
Guerrier, Simon and Kukula, Marek	The Scientific Secrets of Doctor Who	BBC Books
Haeckel, Ernst 	Natuerliche Schoepfungsgeschichte	de Gruyter
Handke, Peter	Die Angst des Tormanns beim Elfmeter	SZ
Harel, David	Computers	Oxford
Hauptmann, Gerhard	Bahnwärter Thiel	Cornelsen
Hawking, Stephen	Die Kürzeste Geschichte der Zeit	rororo
Hawthorne, Nathaniel	Das grosse Steingesicht	Büchergilde
Hegel, Georg Wilhelm Friedrich	Phänomenologie des Geistes	Suhrkamp
Heidegger, Martin	Sein und Zeit	Max Niemeyer Verlag
Heine, Heinrich	Die Harzreise	reclam
Heisenberg, Werner	Die Einheit des Naturwissenschaftlichen Weltbilds	Lesung
Heisenberg, Werner	Quantentheorie und Philosophie	reclam
Hemingway, Earnest	A Farewell to Arms	Arrow
Hemingway, Ernest	Der alte Mann und das Meer	Buechergilde
Hemingway, Ernest	The snows of Kilimanjaro	reclam
Hemingway, Ernest 	Die Hauptstadt der Welt 	rororo
Herman, Melville	Der Schreiber Bartleby	Büchergilde
Hesiod	Theogonie	Academia
Hesse, Hermann	Das Glasperlenspiel	Suhrkamp
Hesse, Hermann	Demian	Suhrkamp
Hesse, Hermann	Jedem Anfang Wohnt ein Zauber Inne 	Inselverlag
Hesse, Hermann	Kinderseele	Suhrkamp
Hesse, Hermann	Knulp	Suhrkamp
Hesse, Hermann	Musik des Einsamen	Anaconda
Hesse, Hermann	Narziss und Goldmund	Suhrkamp
Hesse, Hermann	Peter Camenzind	Suhrkamp
Hesse, Hermann	Rosshalde	Suhrkamp
Hesse, Hermann	Siddhartha	Suhrkamp
Hesse, Hermann	Steppenwolf	Suhrkamp
Hesse, Hermann	Unterm Rad 	Sueddeutsche
Hesser, Hermann	Gertrud	Suhrkamp
Highsmith, Patricia	Der talentierte Mr. Ripley	SZ
Hobbes, Thomas	Der Leviathan	Anaconda
Hobbes, Thomas	Leviathan	Philosophische Bibliothek
Homer	Illias und Odyssee	Insel
Horkheimer, Max	Traditionelle und Kritische Theorie	Fischer
Horkheimer, Max and Adorno, Theodor	Dialektik der Aufklärung	Fischer
Hornby, Nick	A Long Way Down	Penguin
Hornby, Nick	A long way down	Knaur
Hornby, Nick	Feverpitch	Penguin
Hornby, Nick	High Fidelity	Penguin
Hornby, Nick	How to be Good	Penguing
Hornby, Nick	Juliett, Naked	Penguin
Hornby, Nick	Mein Leben als Leser	KiWi
Houellebecq, Michel	Ausweitung der Kampfzone	rororo
Houellebecq, Michel	Elementarteilchen	Dumont
Houellebecq, Michel	Karte und Gebiet	Dumont
Houellebecq, Michel	Plattform	Dumont
Houellebecq, Michel	Unterwerfung	Büchergilde
Houellebecq, Michel 	Die Möglichkeit einer Insel 	rororo
Huizing, Klaas	Der Buchtrinker	btb
Hume, David	Eine Untersuchung über den Menschlichen Verstand	Suhrkamp
Hume, David	Eine Untersuchung über den menschlichen Verstand	reclam
Hume, David	Eine Untersuchung über die Prinzipien der Moral	reclam
Huxley, Aldous	Eiland	Piper
Huxley, Aldous	Point Counter Point	Vintage
Huxley, Aldous	Schöne Neue Welt	Büchergilde
Huxley, Aldous	Schöne Neue Welt	Fischer
Huxley, Aldous	The Doors of Perception	Harper
Hölderlin, Friedrich	Gesammelte Werke	Fischer
Hölderlin, Friedrich	Hyperion	Tredition
Ibsen, Henrick	A Doll's House	Digireads
Ibsen, Henrik	Die Wildente	reclam
Ibsen, Henrik	Gespenster	reclam
Ibsen, Henrik	John Gabriel Borkman	reclam
Ibsen, Henrik	Nora	reclam
Ibsen, Henrik	Peer Gynt	reclam
Ibsen, Henrik	Stützen der Gesellschaft	reclam
Ibsen, Henrik	Volksfeind	reclam
Ionesco, Eugene	Die Nashörner	Fischer
Ionesco, Eugene	Die kahle Sängerin	reclam
Jahnn, Hans Henny	Medea	reclam
James, Henry	The Bostonians	Everyman’s Library
Jaspers, Karl	Die maßgebenden Menschen	Piper
Johnson, Uwe	Mutmaßungen über Jakob	Suhrkamp
Joyce, James	Das Porträt des Künstlers als Junger Mann	SZ
Joyce, James	Dubliners	Bantam
Joyce, James	Finnegans Wake	 Penguin
Joyce, James	The Portrait of the Artist as a Young Man	Penguin
Joyce, James	Ulysses	 Everyman’s Library
Joyce, James	Ulysseus	Suhrkamp
Joyce, James	Ulysseus	Wordsworth
Kafka, Franz	Das Schloss	Fischer
Kafka, Franz	Das Urteil	Suhrkamp
Kafka, Franz	Das Urteil und die Verwandlung	Fischer
Kafka, Franz	Der Geier	Büchergilde
Kafka, Franz	Der Prozess	Büchergilde
Kafka, Franz	Der Verschollene	Aufbau
Kafka, Franz	Die Verwandung	Suhrkamp
Kafka,Franz	Der Prozess	Hamburger Lesehefte
Kaminer, Wladimir	Karaoke	Goldmann
Kant, Immanuel	Denken wagen	 Reclam
Kant, Immanuel	Grundlegung zur Metaphysik der Sitten	Suhrkamp
Kant, Immanuel	Kritik der Praktischen Vernunft	Philosophische Bibliothek
Kant, Immanuel	Kritik der Reinen Vernunft I	Suhrkamp
Kant, Immanuel	Kritik der Reinen Vernunft II	Suhrkamp
Kant, Immanuel	Kritik der Urteilskraft	Suhrkamp
Kant, Immanuel	Prolegomena zu einer Jeden Künftigen Metaphysik	Meiner
Kara, Yade	Cafe Cyrus	Diogenes
Kehlmann, Daniel	Die Vermessung der Welt	rororo
Kehlmann, Daniel	Ich und Kaminski	Suhrkamp
Kellner, Manuel	Trotzkismus	Schmetterling
Kerouac, Jack	Unterwegs	rororo
Keuth, Herbert	Poppers Logik der Forschung	Akademie Verlag
Kierkegaard, Sören	Der Krankheit zum Tode	dtv
Kierkegaard, Sören	Entweder - Oder	dtv
Kipling, Rudyard	Das Haus der Wünsche	Büchergilde
Koeppen, Wolfang	Jakob Littners Aufzeichnungen aus einem Erdloch	Buechergilde
Koeppen, Wolfang	Jakob Littners Aufzeihnungen aus einem Erdloch	Juedischer Verlag
Koeppen, Wolfgang	Das Treibhaus	SZ
Kratzmann, Ernst 	Faust	Büchergilde
Kuhn, Thomas	Die Entstehung des Neuen	Suhrkamp
Kuhn, Thomas S.	Die Struktur wissenschaftlicher Revolutionen	Suhrkamp
Kundera, Milan	Der Scherz	Büchergilde
Kundera, Milan	Die unerträgliche Leichtigkeit des Seins	SZ
Kundera, Milan	Die unerträgliche Leichtigkeit des Seins 	Fischer
Lappert, Rolf	Nach Hause Schwimmen	dtv
Lenz, Siegfried	Deutschstunde	SZ
Leopardi, Giacomo	Moral Fables	Alma Classics
Lessing, Gotthold Ephraim	Nathan der Weise	reclam
London, Jack	Call of the Wild, White Fang and Other Stories	Oxford World's Classics
London, Jack	Die Konzentrischen Tode	Büchergilde
London,Jack	Wolfsblut	Arena
Lord Dusany	Das Land des Yann	Büchergilde
Lovecraft, H.P.	At the Mointains of Madness	Penguin
Machen, Arthur	Die Leuchtende Pyramide	Büchergilde
Machiavelli, Nicolo	Der Fürst	Inselverlag
Malouf, David	Die tapfersten der Söhne	Büchergilde
Mandelstam, Ossip	Im Luftgrab	Fischer
Mann, Thomas	Doktor Faustus	Fischer
Mann, Thomas	Zauberberg	Fischer
Mansfeld, Jaap	Die Vorsokratiker II	Reclam
Marai, Sandor	Die Glut	Piper
Marai, Sandor	Die Nacht vor der Scheidung	Buechergilde
Marcuse, Herbert	Counterrevolution and Revolt	Beacon Press
Marcuse, Herbert	Kultur und Gesellschaft	Suhrkamp
Marcuse, Herbert	One-dimensional Man	Beacon Press
Marlowe, Christopher	Dr. Faustus	Digireads
Martel, Yann	Schiffbruch mit Tiger	Fischer
Marx, Karl	Das Kapital	Anaconda
Marx, Karl und Engels, Friedrich	Manifest der Kommunistischen Partei	reclam
Marx, Karl und Engels, Friedrich	Marx Engels Werke 23 - Das Kapital I	Dietz
Marx, Karl und Engels, Friedrich	Marx Engels Werke 4	Dietz
Melville, Herman	Moby Dick	Penguin
Menasse, Robert	Die Hauptstadt	Suhrkamp
Menasse, Robert	Die Vertreibung aus der Hölle	Suhrkamp
Menasse, Robert	Don Juan de la Manche	Büchergilde
Menasse, Robert	Selige Zeiten, Brüchige Welt	Suhrkamp
Meyer, Conrad Ferdinand	Die Versuchung des Pescara	reclam
Meyrink, Gustav	Der Kardinal Napellus	Buechergilde
Mill, John Stuart	Betrachtungen über die Repräsentativregierung	Suhrkamp
Mill, John Stuart	Über die Freiheit	reclam
Miller, Arthur	Death of a Salesman	reclam
Miller, David	Karl Popper Lesebuch	UTB
Milton, John	Paradise Lost	Signet
Moliere	Der Geizige	reclam
Moliere	Der Menschenfeind	Insel
Moliere	Der eingebildete Kranke	reclam
Morgenstern, Christian	Alle Galgenieder	Buechergilde
Morgenstern, Susi	Die Farben des Lebens	Bertelsmann
Musil, Robert	Der Mann ohne Eigenschaften	rororo
Musil, Robert	Die Verwirrungen des Zöglings Törless	rororo
Müller, Hertha	Heute wäre ich mir lieber nicht begegnet	Fischer
Nabokov, Wladimir	Lolita	rororo
Nagel, Thomas	Das letzte Wort	reclam
Nagel, Thomas	Die Grenzen der Objektivität	reclam
Nagel, Thomas	Was Bedeutet das alles?	reclam
Nietzsche, Friedrich	Also sprach Zarathustra	Anaconda
Nietzsche, Friedrich	Also sprach Zarathustra	Atlas
Nietzsche, Friedrich	Ecce Homo	dtv
Nietzsche, Friedrich	Kritische Studienausgabe I	dtv
Nietzsche, Friedrich	Kritische Studienausgabe II	dtv
Nietzsche, Friedrich	Kritische Studienausgabe III	dtv
Nietzsche, Friedrich	Kritische Studienausgabe IV	dtv
Nietzsche, Friedrich	Kritische Studienausgabe V	dtv
Nietzsche, Friedrich	Kritische Studienausgabe VI	dtv
Nietzsche, Friedrich	Morgenröthe	Meiner
Noble, Denis	The Music of Life	Oxford
Nossack, Hans Erich	Spirale	Suhrkamp
Nossack, Hans Erich	Spätestens im November	Suhrkamp
Orwell, George	1984	Signet
Orwell, George	Animal Farm	Longman
Osborne, John	Look back in Anger	Penguin
O’Brien, Flann	Fuer Boshafte	Insel
O’Brien, Flann	Irischer Lebenslauf	Suhrkamp
O’Brien, Flann	The Complete Novels	Everyman’s Library
Pascal, Blaise	Gedanken	Anaconda
Pascal, Blaise	Human Happiness	Penguin books
Pasternak, Boris	Doctor Zhivago	Everyman’s Library
Paul Feyerabend	Wider den Methodenzwang	Suhrkamp
Pearl, Judea and Mackenzie, Dana	The Book of Why	Basic Books
Pindar	Oden	Reclam
Plath, Sylvia	Sonntag bei den Mintons	Frankfurter
Platon	Apologie des Sokrates	reclam
Platon	Der Staat	Anaconda
Platon	Phaidon	reclam
Platon	Symposion	Estias
Platon	Symposion	reclam
Platon	Sämtliche Werke - Band 1	rororo
Platon	Sämtliche Werke - Band 2	rororo
Platon	Theaetet	Suhrkamp
Plechanow, Georgi	Anarchismus und Sozialismus	BMV
Plenzdorf, Ulrich	Die neuen Leiden des jungen W.	Suhrkamp
Popper, Karl	Logik der Forschung	Mohr Siebeck
Popper, Karl	The Open Society and its Enemies, Volumne One	Routledge Classics
Popper, Karl	The Open Society and its Enemies, Volumne Two	Routledge Classics
Prantl, Heribert	Die Kraft der Hoffnung	SZ
Prideaux, Sue	I am Dynamite!	Tum Duggan Books
Proust, Marcel	Auf der Suche nach der Verlorenen Zeit - In Swanns Welt	Suhrkamp
Puerto, Carlos	Der Blick	Arena
Pyle, Howard	Robin Hood	LeseRiese
Pynchon, Thomas	Gravity’s Rainbow	Vintage
Pynchon, Thomas	Inherent Vice	Vintage
Pynchon, Thomas	Natuerliche Maengel	Buechergilde
Pynchon, Thomas	The Crying of Lot 49	Vintage
Pynchon, Thomas	V	Vintage
Rand, Ayn	Atlas Shrugged	Signet
Rand, Ayn	The Fountainhead	Signet
Rapp, Christof	Aristoteles zur Einführung	Junius
Rasmussen, Dennis	Infidel and the Professor	Princeton University Press
Rauprich, Nina	Wenzel	Ellermann
Rawls, John	Eine Theorie der Gerechtigkeit	Suhrkamp
Rawls, John	Geschichte der politischen Philosophie	Suhrkamp
Regener, Sven	Herr Lehmann	Goldmann
Regener, Sven	Neue Vahr Süd	Goldmann
Remarque, Erich Maria	Im Westen nichts Neues	Kiwi
Rilke, Rainer Maria	Die Aufzeichnungen des Malte Laurids Brigge	Insel
Rimbaut, Arthur	Das Trunkene Schiff	Inselverlag
Rousseau, Jean-Jacques	Abhandlung über den Ursprung und die Grundlagen der Ungleichheit unter den Menschen	reclam
Rousseau, Jean-Jacques	Emil oder Über die Erziehung	UTB
Rousseau, Jean-Jacques	Träumereien eines einsamen Spaziergängers	reclam
Rousseau, Jean-Jacques	Vom Gesellschaftsvertrag	reclam
Rowling, Joanne K.	Harry Potter and the Deathly Hallows	Bloomsbury
Rowling, Joanne K.	Harry Potter and the Goblet of Fire	Bloomsbury
Rowling, Joanne K.	Harry Potter und der Feuerkelch	Carlsen
Rowling, Joanne K.	Harry Potter und der Gefangene von Askaban	Carlsen
Rowling, Joanne K.	Harry Potter und die Kammer des Schreckens	Carlsen
Rowling, Joanne K.	The Casual Vacancy	LB
Russel, Bertrand	Philosophie des Abendlands	Anaconda
Russel, Willy	Educating Rita	reclam
Safranski, Ruediger	Wieviel Wahrheit braucht der Mensch?	Fischer
Sagan, Carl	Cosmos	Ballantine
Saki	Die Verschwiegenheit der Lady Anne	Büchergilde
Salinger, Jerome David	The Catcher in the Rye	Back bay
Salinger, Jerome David	The Catcher in the Rye	LB
Sandel, Michael	Justice	FSG
Sandel, Michael	Moral und Politik	Ullstein
Sarasin, Philipp	Michel Foucault zur Einführung	Junius
Sartre, Jean-Paul	Bariona und Die Fliegen	rororo
Sartre, Jean-Paul	Das Sein und das Nichts	rororo
Sartre, Jean-Paul	Das Spiel ist aus	rororo
Sartre, Jean-Paul	Der Aufschub	rororo
Sartre, Jean-Paul	Der Ekel	rororo
Sartre, Jean-Paul	Der Existentialismus ist ein Humanismus	rororo
Sartre, Jean-Paul	Der Pfahl im Fleische	rororo
Sartre, Jean-Paul	Der Teufel und der liebe Gott	rororo
Sartre, Jean-Paul	Die Eingeschlossenen von Altona	rororo
Sartre, Jean-Paul	Die Kindheit eines Chefs	Buechergilde
Sartre, Jean-Paul	Die Schmutzigen Hände	rororo
Sartre, Jean-Paul	Die Transzendenz des Ego	rororo
Sartre, Jean-Paul	Geschlossene Gesellschaft	rororo
Sartre, Jean-Paul	Zeit der Reife	rororo
Schami, Rafik	Die Sehnsucht der Schwalbe	dtv
Schenkel, Maria	Tannöd	Natutilus
Schiller, Friedrich	Die Räuber	reclam
Schiller, Friedrich	Dramen I	Insel
Schiller, Friedrich	Dramen II	Insel
Schiller, Friedrich	Kabale und Liebe	reclam
Schiller, Friedrich	Wallenstein	reclam
Schlink, Bernhard	Der Vorleser	Diogenes
Schlink, Bernhard	Die Heimkehr	Diogenes
Schmitt, Arno	Kosmas	Fischer
Schmitt, Eric-Emanuelle	Adolf H.	Fischer
Schneider, Helge	Aprikose, Banane Erdbeer	Kiwi
Schneider, Helge	Bonbon aus Wurst	Kiwi
Schneider, Peter	Skylla	Rowohlt
Schneider, Robert	Schlafes Bruder	reclam
Schwaabe, Christian	Politische Theorie 1	UTB
Schwaabe, Christian	Politische Theorie 2	UTB
Schwab, Gustav	Sagen des klassischen Altertums	Anaconda
Schwandt, Michael	Kritische Theorie	Schmetterling
Schweitzer, Albert	Kultur und Ethik	Beck
Schäfer, Rainer	Hegel - Einführung	UTB
Sepulveda, Luis	Der Alte, der Liebesromane Las	Büchergilde
Shakespeare, William	A Midsummer Night's Dream	Oxford
Shakespeare, William	Cymbeline	Amazon Printing
Shakespeare, William	Cymbeline	Ars vivendi
Shakespeare, William	Hamlet	Ars vivendi
Shakespeare, William	Hamlet	reclam
Shakespeare, William	Hamlet	reclam
Shakespeare, William	Henry V	Simon and Schuster
Shakespeare, William	Macbeth	reclam
Shakespeare, William	Much Ado about Nothing	Spark Notes
Shakespeare, William	Othello	Dover
Shakespeare, William	Pericles	Arden
Shakespeare, William	Romeo and Juliett	Penguin
Shakespeare, William	The Complete Shakespeare	Penguin
Singer, Peter	Marx	Oxford
Sophokles	Antigone	reclam
Sophokles	Koenig Ödipus	reclam
Spierling, Volker	Arthur Schopenhauer zur Einführung	Junius
Spinoza, Baruch	Politischer Traktat	Meiner
Steinbeck, John	Die Straße der Ölsardinen	dtv
Steinbeck, John	East of Eden	Penguin
Steinbeck, John	East of Eden	Penguin
Steinbeck, John	The Grapes of Wrath	Penguin
Steinbeck, John	The Vigilante	Penguin
Stendhal	Rot und Schwarz	dtv
Stevenson, Robert Louis	Die Schatzinsel	Buechergilde
Strindberg, August	Totentanz	reclam
Strindberg, August	Fräulein Julie	reclam
Strindberg, August	Ein Traumspiel	reclam
Styron, William	Sophie's Choice	Vintage
Suhr, Martin	Jean-Paul Sartre zur Einführung	Junius
Swift, Jonathan	Gullivers Reisen	Arena
Sword, Helen	Stylish Academic Writing	Marvard
Süskind, Patrick	Das Parfum	Diogenes
Taleb, Nicholas	Black Swan 	Penguin
Tanner, Michael	Nietzsche	Oxford
Butler, Christoph	Postmodernism	Oxford
von Eichendorff, Joseph	Aus dem Leben eines Taugenichts	Fischer
Xenophon	Anabasis	Reclam
Thomas, Dylan	A Child's Christmas in Wales	Orion
Thomas, Dylan	Portrait of the Artist as a Young Dog	Phoenix
Thomas, Dylan	Rebeccas Töchter	Heyne
Thompson, Hunter	Hell's Angels	Penguin
Thompson, Hunter	Rum Diary	Bloomsbury
Thoreau, Henry David	Essays and Poems	Library of America
Thoreau, Henry David	Major Works	Library of America
Thoreau, Henry David	Walden	Diogenes
Thoreau, Henry David	Über die Pflicht zum Ungehorsam gegen den Staat	Diogenes
Tindall, William	York A Reader’s Guide to Finnegans Wake	Irish Studies
Tolkien, J.R.R	Der Hobbit	dtv
Tolkien, J.R.R 	Der Herr der Ringe	Klett
Tolkien, J.R.R 	The Hobbit	Harper Collins
Tolkien, J.R.R.	Das Silmarillion	Klett-Cotta
Tolkien, J.R.R.	Lord of the Rings	Harper Collins
Tolstoi, Leo	Herr und Knecht	dtv
Tolstoi, Leo	Krieg und Frieden	atb
Cox, Gary	How to be an Existentialist	Bloomsbury
Kaag, John	American Philosophy	FSG
Twain, Mark	A Tramp Abroad, Following the Equator and Other Travels	Library of America
Twain, Mark	Ein Yankee an König Artus Hof	atb
Vergil	Aeneis	Holzinger
Verne, Jules	Reise um die Erde in 80 Tagen	Büchergilde
Verne, Jules	Zwei Jahre Ferien	Fischer
Voltaire	Candid	reclam
Voltaire	Mikromegas	Buechergilde
Vonnegut, Kurt	Slaughterhouse Five	Dill
Wallace, Lewis	Ben Hur	Kaiser
Walser, Martin	Das Leben wortwörtlich	rororo
Wedekind, Frank	Lulu und Frühlingserwachen	Fischer
Weinkauf, Wolfgang	Die Philosophie der Stoa	reclam
Wells, Herbert George	Die Tür in der Mauer	Büchergilde
Werfel, Franz	Der Abituriententag	Fischer
Wilde, Oscar	Das Bildnis des Dorian Gray	Inselverlag
Wilde, Oscar	Lord Arthur Savilles Verbrechen	Büchergilde
Wilde, Oscar	The Importance of Being Earnest	Penguin
Wilde, Oscar	The Picture of Dorian Gray	TOR
Williams, John	Augustus	Büchergilde
Wisnewski, Gerhard	Drahtzieher der Macht	Knaur
Wittgenstein, Ludwig	Tractatus Logico-Philosophicus	Suhrkamp
Wittgenstein, Ludwig	Werksausgabe, Band 1	Suhrkamp
Wolfe, Thomas	Look homeward angel	Scribner
Wolfe, Tom	Back to Blood	LB
Wolfe, Tom	The Bonfire of the Vanities	Vintage
Yeats, William Butler	The Collected Poems	Wordsworth
Ziliak, Stephen and McCloskey, Deirdre	The Cult of Statistical Significance	University of Michigan Press
Zimmerling, Dieter	Stoertebeker	Bechtermuenz
Zizek, Slavoj	Like a Thief in Broad Daylight	Allen Lane
Zuckmayer, Carl	Der Hauptmann von Köpenick	Fischer
Zweig, Stefan	Baumeister der Welt	Fischer
de Balzac, Honore	Cousin Pons	Diogenes
de L’Isle-Adam, Villiers	Der Tischgast der letzten Feste	Büchergilde
van den Brink, Hans .M.	Ueber das Wasser	Buechergilde
von Ditfurt, Hoimar	So lass uns denn Apfelbaeume Pflanzen	Rasch und Röhring
von Hofmannsthal, Hugo	Der Brief des Lord Chantos	reclam
von Hofmannsthal, Hugo	Jedermann	reclam
von Horvath, Ödön	Ein Kind unserer Zeit	Suhrkamp
von Horvath, Ödön	Glaube Liebe Hoffnung	Suhrkamp
von Horvath, Ödön	Jugend ohne Gott	Suhrkamp
von Sacher-Masoch, Leopold	Venus in Furs	Echo
Nozick, Robert	Anarchy, State and Utopia	Basic Books
Borges, Jorge Luis	25. August 1983	Büchergilde
Galland, Antoine	Tausendundeine Nacht	Büchergilde
Hinton, Charles Howard	Wissenschaftliche Erzählungen	Büchergilde
Poe, Edgar Allan	Der entwendete Brieg	Büchergilde
De Alarcon, Pedro	Der Freund des Todes	Büchergilde
Bloy, Leon	Unliebsame Geschichten	Büchergilde
Lugones, Leopoldo	Die Salzsäule	Büchergilde
Stevenson, Robert Louis	Die Insel der Stimmen	Büchergilde
Papini, Giovanni	Der Spiegel auf der Flucht	Büchergilde
Sung-ling, P`U	Gast Tiger	Büchergilde
Beckford, William	Vathek	Büchergilde
Sophokles	Ödipus auf Kolonos	Insel
Shakespeare, William	Richard II	Tredition Classics
Shakespeare, William	Richard III	Tredition Classics
Sandel, Michael	What Money can't buy	Penguin
Claudel, Paul	The Hostage	Cornell University Library
Badiou, Alain	Ethics: An Essay on the Understanding of Evil	Radical Thinkers
Honneth, Axel	Die Idee des Sozialismus	Suhrkamp
Giridharadas, Anand	Winners take all	Knopf
Hume, David	Morals, Politics and Society	Yale University Press
Wilde, Oscar	Der Sozialismus und die Seele des Menschen	Diogenes
Zehnpfennig, Barbara	Platon	Junius
Böke, Henning	Maoismus	Schmetterling
Heinrich, Michael	Kritik der politischen Ökonomie	Schmetterling
Platon	Sämtliche Werke - Band 3	rororo
Bernhard, Thomas	Holzfällen	Suhrkamp
Zizek, Slavoj	The Relevance of the Communist Manifesto	Polity Press
Gamm, Gerhard	Der Deutsche Idealismus	reclam
Adorno, Theodor	Erziehung zur Mündigkeit	Suhrkamp
Wilde, Oscar	Intentions	Tredition Classics
Wilde, Oscar	Ballad of Reading Gaol	Tredition Classics
Mann, Michael	The Madhouse Effect	Columbia
Foucault, Michel	Überwachen und Strafe	Suhrkamp
Carlisle, Clare	Philosopher of the Heart	allen lane
Lüdemann, Susanne	Jacques Derrida zur Einführung	Junius
Bertram, Georg W.	Hegels Phänomenologie des Geistes	reclam
Picketty, Thomas	Das Kapital im 21. Jahrhundert	Beck
Picketty, Thomas	Okonomie der Ungleichheit	Beck
Adorno, Theodor	Aspekte des neues Rechtsradikalismus	Suhrkamp
Hume, David	An Enquiry concerning Human Understanding	Oxford World's Classics
Aristoteles	Posterior Analytics	Loeb Classical Library
Carnap, Rudolph	The Unity of Science	Routledge
Feyerabend, Paul	Against Method	Verso
Marcuse, Herbert	Eros and Civilization	Beacon Press
Bergstrom, Carl and West Jevin	Calling Bullshit	allen lane
Jones, Gareth	Karl Marx	Penguin
Keucheyan, Razmig	The Left Hemisphere	Verso
Eco, Umberto	Il Cimitero Di Praga	Bompiani
Klein, Matthew and Pettis, Michael	Trade Wars are Class Wars	Yale University Press
Smith, Adam	The Wealth of Nations	Everyman’s Library
Thompson, Elizabeth	How the West Stole Democracy from the Arabs	Ingram
Picketty, Thomas	Capital and Ideology	Belknap
Lakatos, Imre	Proofs and Refutations	Cambridge Philosophy
Pettigrew, Richard	Dutch Book Arguments	Cambridge Elements
Lakatos, Imre and Musgrave, Alan	Criticism and the Growth of Knowledge	Cambridge
Popper, Karl and Miller, David	Selections	Princeton University Press
Popper, Karl	After the Open Society	Routledge
Popper, Karl	Conjectures and Refutations	Routledge
